Timestamp,Flow Packets/s,Flow Bytes/s,Total Fwd Packets,Total Bwd Packets
2023-10-15 08:00:00,164.90142459033697,11006.882870375739,289,361
2023-10-15 08:00:01,145.85207096486445,8817.747155152778,235,484
2023-10-15 08:00:02,169.43065614302077,19254.612284095518,654,198
2023-10-15 08:00:03,195.69089569224076,23609.631554716856,503,148
2023-10-15 08:00:04,142.97539875829992,7600.374103083354,991,125
2023-10-15 08:00:05,142.9758912915246,20534.372599049413,964,331
2023-10-15 08:00:06,197.37638446522175,10894.6096295755,701,420
2023-10-15 08:00:07,173.02304187458725,18016.825942665135,906,452
2023-10-15 08:00:08,135.91576842195144,16433.03895698151,440,158
2023-10-15 08:00:09,166.27680130757895,22796.03605879535,856,237
2023-10-15 08:00:10,136.09746921562612,16523.415887098705,803,248
2023-10-15 08:00:11,136.02810739289228,17707.160748016144,417,352
2023-10-15 08:00:12,157.25886814698103,13201.098714504698,717,376
2023-10-15 08:00:13,92.60159266026606,12175.48996026425,462,203
2023-10-15 08:00:14,98.25246502460902,5699.771365466673,921,89
2023-10-15 08:00:15,133.1313741227708,18569.385807066625,481,182
2023-10-15 08:00:16,119.61506638996728,12530.783162325273,332,454
2023-10-15 08:00:17,159.42741997785822,21001.338480770657,876,181
2023-10-15 08:00:18,122.75927773436368,11690.590478069478,443,328
2023-10-15 08:00:19,107.63088895994125,12308.42839287627,648,411
2023-10-15 08:00:20,193.96946306764661,19909.077303298163,916,133
2023-10-15 08:00:21,143.22671098540394,17639.651648510277,652,448
2023-10-15 08:00:22,152.02584614063773,8842.27901589643,628,291
2023-10-15 08:00:23,107.2575544135963,6010.199413938998,955,165
2023-10-15 08:00:24,133.6685182642445,9986.41822805614,888,158
2023-10-15 08:00:25,153.32767769129597,10112.645413540386,918,270
2023-10-15 08:00:26,115.47019267733091,15840.011274599776,670,441
2023-10-15 08:00:27,161.27094055037017,11598.831619821385,282,90
2023-10-15 08:00:28,131.98083930243584,19478.593516031313,140,417
2023-10-15 08:00:29,141.2491875062017,11821.085061502821,650,196
2023-10-15 08:00:30,131.94880163311808,9000.464154760415,496,161
2023-10-15 08:00:31,205.56834553526812,26512.11883525846,803,152
2023-10-15 08:00:32,149.59508325786197,17333.69861475856,878,95
2023-10-15 08:00:33,118.26867213132299,11805.528191208734,593,461
2023-10-15 08:00:34,174.67634736309566,18434.705021793176,758,373
2023-10-15 08:00:35,113.37469050086933,13822.662426972744,432,427
2023-10-15 08:00:36,156.26590785014267,11383.264148187624,226,320
2023-10-15 08:00:37,91.20989628360672,13648.046128917853,657,470
2023-10-15 08:00:38,110.15441853304708,16245.498323279271,656,434
2023-10-15 08:00:39,155.9058370760737,17934.24890400282,100,244
2023-10-15 08:00:40,172.1539973998623,12042.902927834934,267,416
2023-10-15 08:00:41,155.1410484356991,18310.1846924213,719,329
2023-10-15 08:00:42,146.5305515283528,8384.45484513646,118,332
2023-10-15 08:00:43,140.96688913232134,7480.443244623477,431,89
2023-10-15 08:00:44,105.64434028897718,8004.490890501382,683,496
2023-10-15 08:00:45,128.40467374815873,12360.528670259982,555,238
2023-10-15 08:00:46,881.1971801395401,120571.78734283287,208,213
2023-10-15 08:00:47,1175.8304211082118,144294.27240742903,367,73
2023-10-15 08:00:48,1037.3224625495184,128908.73887975096,544,73
2023-10-15 08:00:49,628.3703242366515,58155.254664599684,339,53
2023-10-15 08:00:50,1033.5303898361033,87429.95226230638,400,372
2023-10-15 08:00:51,895.8644786973648,78033.26873263987,701,339
2023-10-15 08:00:52,839.2114992926303,124845.26208049645,202,490
2023-10-15 08:00:53,168.35028866522603,9092.753828503326,349,482
2023-10-15 08:00:54,180.92998567487854,24733.69890105424,552,230
2023-10-15 08:00:55,1246.4505452316223,134451.55511430025,619,297
2023-10-15 08:00:56,874.3828452907569,82070.92208647706,252,165
2023-10-15 08:00:57,985.7627146696316,120781.33175005866,958,328
2023-10-15 08:00:58,1120.357844747443,110542.22886938212,273,414
2023-10-15 08:00:59,1255.7527771707507,172468.00454518903,442,118
2023-10-15 08:01:00,950.0454578049088,133073.04436427652,769,400
2023-10-15 08:01:01,1011.7272954497581,93253.02205051253,530,303
2023-10-15 08:01:02,818.2484720216947,63563.815811155975,826,230
2023-10-15 08:01:03,799.3620655484332,87318.34149668997,788,367
2023-10-15 08:01:04,1221.4944893844754,172519.4043679409,786,218
2023-10-15 08:01:05,1335.7552990459176,94927.07847958905,951,362
2023-10-15 08:01:06,1035.610449598422,116295.59284881824,949,298
2023-10-15 08:01:07,1261.6343695816763,142761.526492013,757,237
2023-10-15 08:01:08,1126.7406044801585,138939.8512268549,423,103
2023-10-15 08:01:09,915.1722304930853,57799.320710526896,772,375
2023-10-15 08:01:10,160.8418681652524,19555.555868141917,738,406
2023-10-15 08:01:11,196.1410969939791,27636.918430355036,519,362
2023-10-15 08:01:12,148.92521882670147,10122.195572131353,693,187
2023-10-15 08:01:13,196.9393096744202,14525.127326548505,584,217
2023-10-15 08:01:14,71.40764687730767,10506.886129232831,758,440
2023-10-15 08:01:15,174.6570751312567,11893.74427920356,850,152
2023-10-15 08:01:16,152.61141204714514,20669.462155473597,511,471
2023-10-15 08:01:17,141.02977948602398,13994.07272837309,183,134
2023-10-15 08:01:18,832.7904075814728,62228.68710097636,212,366
2023-10-15 08:01:19,2744.3006190113256,376174.98025718663,836,261
2023-10-15 08:01:20,4354.840667017851,411665.3767231288,431,52
2023-10-15 08:01:21,4880.286695144524,495259.96303848387,477,433
2023-10-15 08:01:22,5901.30965087909,507060.21751961956,854,228
2023-10-15 08:01:23,4082.819976810735,446232.15699108236,754,391
2023-10-15 08:01:24,685.5479811449453,45487.74512921383,140,352
2023-10-15 08:01:25,134.9472886924639,12024.903737506951,869,381
2023-10-15 08:01:26,177.46206353106223,26076.49428995905,896,87
2023-10-15 08:01:27,159.86253328979052,12119.713112328716,204,469
2023-10-15 08:01:28,134.10719388698882,15512.670814782783,301,288
2023-10-15 08:01:29,165.39802299340067,13648.480521656185,549,218
2023-10-15 08:01:30,152.9123264804412,19472.97383590574,918,446
2023-10-15 08:01:31,179.05934971598668,11296.382744117172,942,392
2023-10-15 08:01:32,128.93840718367943,18951.638439747865,365,363
2023-10-15 08:01:33,140.17013560206695,13369.280935157796,309,355
2023-10-15 08:01:34,138.2367554060353,10174.922786812409,662,79
2023-10-15 08:01:35,106.09455155603644,6084.4880226823225,217,239
2023-10-15 08:01:36,158.88360831193728,10641.355265575248,812,406
2023-10-15 08:01:37,157.83165816539668,16095.26132544702,476,74
2023-10-15 08:01:38,150.15340369927384,12567.887584826145,650,161
2023-10-15 08:01:39,142.9623859987456,18998.033670062185,639,460
2023-10-15 08:01:40,107.53887773848757,10010.65995953504,870,484
2023-10-15 08:01:41,137.38064031703922,10285.884618259484,183,255
2023-10-15 08:01:42,139.7185645041969,15608.589387137534,553,234
2023-10-15 08:01:43,125.93168192335143,15197.148462916524,766,431
2023-10-15 08:01:44,145.16142865001973,9682.875632033676,728,428
2023-10-15 08:01:45,162.12152570443615,10823.544593426202,613,96
2023-10-15 08:01:46,206.5855770363159,11086.857641196902,704,423
2023-10-15 08:01:47,155.23733438495518,19193.575304697722,777,277
2023-10-15 08:01:48,157.72651172168293,18356.28284676883,486,88
2023-10-15 08:01:49,147.766622527015,14401.79127200968,449,65
2023-10-15 08:01:50,92.43686354102876,12425.090036724903,395,71
2023-10-15 08:01:51,149.2045837365235,19481.197166811566,357,262
2023-10-15 08:01:52,151.80690629823079,16476.42882963536,180,359
2023-10-15 08:01:53,223.89726337455858,30635.21952609216,367,198
2023-10-15 08:01:54,144.22917105656632,10180.289262116681,518,290
2023-10-15 08:01:55,159.04642027000838,9732.36249581946,334,321
2023-10-15 08:01:56,148.9586469088427,11466.086059017809,932,108
2023-10-15 08:01:57,114.93965887141404,6403.137320065438,410,336
2023-10-15 08:01:58,184.28468443545063,19002.875106712276,912,475
2023-10-15 08:01:59,172.55799098060322,24789.77920937172,456,251
2023-10-15 08:02:00,173.7309584112914,9370.06702332795,312,81
2023-10-15 08:02:01,122.71837635615783,7634.431856237946,673,492
2023-10-15 08:02:02,192.08382932808297,18290.20356351618,148,211
2023-10-15 08:02:03,107.94446811623158,15477.887611220192,226,304
2023-10-15 08:02:04,167.60571281400811,13679.242574213271,322,303
2023-10-15 08:02:05,215.71366877429935,21727.431589935266,378,58
2023-10-15 08:02:06,120.28391024607936,6514.250116972995,507,188
2023-10-15 08:02:07,133.01106811191684,8623.682166306658,604,59
2023-10-15 08:02:08,152.98954095262923,22743.886007782476,393,263
2023-10-15 08:02:09,134.89573037651402,19763.825664402648,895,322
2023-10-15 08:02:10,103.48009706801602,5225.123824061487,376,373
2023-10-15 08:02:11,152.0568892441808,22075.798385949784,537,97
2023-10-15 08:02:12,118.13088858821686,13456.525046269939,206,485
2023-10-15 08:02:13,164.20777291905546,22462.28166783654,757,160
2023-10-15 08:02:14,122.4172729729859,11687.664952531928,519,202
2023-10-15 08:02:15,196.49803215052617,19956.262107571223,710,172
2023-10-15 08:02:16,126.50240122991289,12509.146685048818,528,454
2023-10-15 08:02:17,140.33815451382972,16375.55764721704,474,406
2023-10-15 08:02:18,174.40551652109008,11155.870747913812,172,151
2023-10-15 08:02:19,113.07407050698134,5992.62710681012,733,290
2023-10-15 08:02:20,767.9664696712106,62046.31049854543,129,370
2023-10-15 08:02:21,926.582741008696,111623.64031769686,287,240
2023-10-15 08:02:22,498.3948526143431,34980.01478276848,463,266
2023-10-15 08:02:23,761.6748881264081,89377.40173766552,965,100
2023-10-15 08:02:24,772.7297140325583,113584.47150414836,899,341
2023-10-15 08:02:25,849.4079638391981,50446.39977213322,550,130
2023-10-15 08:02:26,552.8298091077703,64824.94051777637,294,432
2023-10-15 08:02:27,540.5619517322442,51015.546049501245,255,137
2023-10-15 08:02:28,811.2287847116075,110987.63783312627,271,243
2023-10-15 08:02:29,778.1803534211994,52694.46624712575,946,153
2023-10-15 08:02:30,157.5147855103763,18785.62210590126,140,320
2023-10-15 08:02:31,160.39344628490926,21462.492283319,162,145
2023-10-15 08:02:32,817.5475191508062,118104.0771260966,122,472
2023-10-15 08:02:33,990.1945622347695,117164.576338742,459,428
2023-10-15 08:02:34,1001.704405774271,99887.43544341605,174,247
2023-10-15 08:02:35,811.0512538453578,90663.14057727673,659,50
2023-10-15 08:02:36,1299.3354259856376,177866.6741141518,771,456
2023-10-15 08:02:37,164.21498762735362,17581.01662980196,924,427
2023-10-15 08:02:38,114.26089508392054,6060.250018188937,217,216
2023-10-15 08:02:39,169.69660825901488,24282.714022019598,711,175
2023-10-15 08:02:40,120.75954989318035,14364.671504046852,479,362
2023-10-15 08:02:41,173.61253811227357,20425.747502785223,778,130
2023-10-15 08:02:42,184.75786737022213,13222.661488686095,389,467
2023-10-15 08:02:43,125.37953044944868,14530.05161024591,539,300
2023-10-15 08:02:44,178.90128387732966,15991.348978377517,767,218
2023-10-15 08:02:45,162.38342780809495,18694.115701771538,106,122
2023-10-15 08:02:46,174.6618047998347,10594.86334525945,295,190
2023-10-15 08:02:47,206.9037894796184,23956.258115355122,520,119
2023-10-15 08:02:48,142.63835651991388,21387.390958732874,667,311
2023-10-15 08:02:49,127.38791506927531,6983.558864632276,932,389
2023-10-15 08:02:50,123.3145671112343,18215.709507514242,292,357
2023-10-15 08:02:51,125.52569145103685,11384.02488521881,658,294
2023-10-15 08:02:52,147.68694871757688,20244.239452440037,247,52
2023-10-15 08:02:53,160.2345592444993,20548.247281962133,886,386
2023-10-15 08:02:54,158.30072397990057,16890.944661251604,768,112
2023-10-15 08:02:55,174.8154974710807,21650.011460793718,301,98
2023-10-15 08:02:56,150.3900567563372,20731.503350360374,543,125
2023-10-15 08:02:57,193.6060223147195,17504.701128920755,518,417
2023-10-15 08:02:58,142.06029500286132,11748.857490882276,526,224
2023-10-15 08:02:59,231.60507499768858,27042.055363025916,578,158
2023-10-15 08:03:00,168.7700204329502,22072.518634457723,574,232
2023-10-15 08:03:01,124.28527330751152,15688.34529677207,225,241
2023-10-15 08:03:02,117.87322505816664,15297.74803154743,494,114
2023-10-15 08:03:03,164.47417245729557,15387.929146871058,916,386
2023-10-15 08:03:04,143.29611644022447,18884.052528992783,980,320
2023-10-15 08:03:05,171.42001482276277,10631.62454648414,905,149
2023-10-15 08:03:06,164.19712873720636,17150.211088248616,675,81
2023-10-15 08:03:07,147.8151326202938,7475.878347539199,424,401
2023-10-15 08:03:08,124.59618845794785,10274.02514620074,491,177
2023-10-15 08:03:09,104.55458325942406,9059.252468879993,787,451
2023-10-15 08:03:10,136.60455143798936,12242.126854825789,727,418
2023-10-15 08:03:11,175.69196382970418,21003.398123735275,539,388
2023-10-15 08:03:12,156.42281232390613,13899.075711389767,303,92
2023-10-15 08:03:13,112.62783663864036,10684.93103488503,585,421
2023-10-15 08:03:14,155.19542777553545,11446.347689437674,932,468
2023-10-15 08:03:15,161.5595213918651,14108.21415102249,130,127
2023-10-15 08:03:16,123.48427691396601,8980.636404407986,487,363
2023-10-15 08:03:17,154.61175317836583,8862.2826688532,724,338
2023-10-15 08:03:18,151.74626155338,16744.41988619598,976,319
2023-10-15 08:03:19,115.71089106508131,13517.494387443327,533,211
2023-10-15 08:03:20,160.73362081044849,17993.973677646714,936,238
2023-10-15 08:03:21,579.957025896239,55878.51401113206,475,296
2023-10-15 08:03:22,634.4263638768324,55815.929350965096,443,437
2023-10-15 08:03:23,631.3758457668059,86077.59360607575,542,265
2023-10-15 08:03:24,377.7877186592744,38499.65827338327,678,364
2023-10-15 08:03:25,423.66088765889225,41484.10634561127,174,462
2023-10-15 08:03:26,575.185648017213,30234.177224598123,656,388
2023-10-15 08:03:27,575.0553516965666,48376.406537953204,871,439
2023-10-15 08:03:28,575.1869432558167,50627.702743659924,765,426
2023-10-15 08:03:29,923.2876767716182,82987.19972037044,254,482
2023-10-15 08:03:30,581.0110204513328,62759.20505081061,529,217
2023-10-15 08:03:31,639.9033057291059,66140.56864605522,462,388
2023-10-15 08:03:32,620.9672643424087,68797.27946229678,547,242
2023-10-15 08:03:33,589.4067728648214,74553.07612362757,333,332
2023-10-15 08:03:34,2309.559903532188,303241.9216048279,662,385
2023-10-15 08:03:35,816.6780071840413,99481.43263975476,917,439
2023-10-15 08:03:36,599.4546155109321,87252.03975257161,361,62
2023-10-15 08:03:37,675.4655805870915,35004.82723366365,926,289
2023-10-15 08:03:38,640.2194836880129,44545.06227558055,224,369
2023-10-15 08:03:39,720.6593204466996,36577.99165657211,344,495
2023-10-15 08:03:40,1037.2899303238394,119026.39662937957,641,196
2023-10-15 08:03:41,444.25235169621516,62107.83591141823,584,253
2023-10-15 08:03:42,170.5878057112354,12682.901355810085,221,129
2023-10-15 08:03:43,101.61852386431045,14501.314394557889,224,428
2023-10-15 08:03:44,135.84204402631698,7610.786749822425,648,92
2023-10-15 08:03:45,182.66851790902098,26202.630305186798,269,138
2023-10-15 08:03:46,151.9284005728639,12938.567276388198,223,197
2023-10-15 08:03:47,117.66765666212082,7076.777955141068,968,144
2023-10-15 08:03:48,128.54088872220095,12672.483209192998,134,477
2023-10-15 08:03:49,1127.9454129450094,85360.26581846151,186,200
2023-10-15 08:03:50,847.9321222378694,66551.89454475684,745,51
2023-10-15 08:03:51,1035.9678269539816,83632.6430686441,807,425
2023-10-15 08:03:52,1002.0304014613545,130567.15635198056,885,71
2023-10-15 08:03:53,863.574791452384,89739.3482790226,300,420
2023-10-15 08:03:54,1418.7587435045998,115104.98918501797,468,362
2023-10-15 08:03:55,1118.8738004058819,124232.33798521281,896,377
2023-10-15 08:03:56,590.7947924964221,71849.54852220755,176,56
2023-10-15 08:03:57,1030.009097896118,79580.97500084367,158,255
2023-10-15 08:03:58,130.14640605694836,11889.513232007876,530,489
2023-10-15 08:03:59,175.5730000438867,10918.640709274043,737,424
2023-10-15 08:04:00,126.22437784701899,8597.76528659167,599,163
2023-10-15 08:04:01,146.55790675599303,17310.216030923853,208,321
2023-10-15 08:04:02,165.1496183694137,11253.928306421662,835,132
2023-10-15 08:04:03,175.97265582510363,18040.072327854225,377,228
2023-10-15 08:04:04,113.99110778832672,13782.05227410753,167,259
2023-10-15 08:04:05,139.96496292477156,8494.150604085526,168,377
2023-10-15 08:04:06,135.75164066517132,14488.938491660932,264,173
2023-10-15 08:04:07,130.40012302278865,9865.588006912127,588,162
2023-10-15 08:04:08,202.9636272084329,29692.094493891782,404,61
2023-10-15 08:04:09,701.4916182426844,68994.90273331075,773,175
2023-10-15 08:04:10,485.28537300163384,63377.90816549925,464,102
2023-10-15 08:04:11,5918.997715897385,621628.8504197722,953,380
2023-10-15 08:04:12,7123.523096607983,387101.17287775484,920,438
2023-10-15 08:04:13,6033.623024309131,683700.8229811657,478,332
2023-10-15 08:04:14,3481.2980440774277,505276.76163914765,442,189
2023-10-15 08:04:15,1044.0174612681265,115010.19757721326,998,450
2023-10-15 08:04:16,1448.8715255707602,191133.51752736449,653,439
2023-10-15 08:04:17,992.3605651262563,137363.1908219843,453,146
2023-10-15 08:04:18,1258.5777541801704,91634.50042434981,515,54
2023-10-15 08:04:19,1335.0600720884538,95062.26352980886,208,106
2023-10-15 08:04:20,941.6687616779716,104617.60920190818,662,461
2023-10-15 08:04:21,1142.2075188245558,104058.3568076448,861,383
2023-10-15 08:04:22,406.6082335307993,54479.86375349125,596,118
2023-10-15 08:04:23,919.1372601358106,128681.34177668278,440,167
2023-10-15 08:04:24,142.4229554582052,12154.679509151105,482,425
2023-10-15 08:04:25,357.02422674447206,26308.064152863135,632,108
2023-10-15 08:04:26,631.0753434758751,80810.80793621422,399,82
2023-10-15 08:04:27,339.6728056850664,26318.05399563587,238,367
2023-10-15 08:04:28,433.88073506336235,57385.68727220428,458,99
2023-10-15 08:04:29,488.1910550657558,45096.075265338826,935,417
2023-10-15 08:04:30,193.23819867198347,22561.523939873947,598,68
2023-10-15 08:04:31,106.92413546461682,6367.709857042116,484,263
2023-10-15 08:04:32,184.8949125646488,20779.58715710402,703,246
2023-10-15 08:04:33,150.3069918305876,14305.733671257402,379,428
2023-10-15 08:04:34,120.55474046856148,13099.580126906172,736,499
2023-10-15 08:04:35,163.86310422789813,10946.288174941335,582,96
2023-10-15 08:04:36,155.9717908672041,19291.741307556953,210,216
2023-10-15 08:04:37,131.99349368523616,17988.034744896042,965,338
2023-10-15 08:04:38,152.09406254970057,10901.186798686631,238,190
2023-10-15 08:04:39,138.4405920941472,8247.107578531291,534,133
2023-10-15 08:04:40,153.40552035753745,8032.9049771723385,608,231
2023-10-15 08:04:41,169.8639202356314,19397.975586265926,372,440
2023-10-15 08:04:42,197.58050448436057,21874.01981620482,198,128
2023-10-15 08:04:43,112.86553503519453,11813.606350592734,863,264
2023-10-15 08:04:44,213.991001239688,15663.009195233974,949,63
2023-10-15 08:04:45,91.43736601432494,8146.209763196923,203,264
2023-10-15 08:04:46,145.4464471489325,15918.769444141302,313,452
2023-10-15 08:04:47,167.64951619453728,16710.748164648838,860,177
2023-10-15 08:04:48,158.429756032051,23570.949699566267,763,359
2023-10-15 08:04:49,131.31901440538218,8357.664103415551,861,297
2023-10-15 08:04:50,143.75633248928173,17180.95978844202,886,453
2023-10-15 08:04:51,506.8173822689104,45832.44707872632,264,78
2023-10-15 08:04:52,495.9811563349685,46036.95183204789,952,329
2023-10-15 08:04:53,657.7946831463358,80092.93364608065,619,387
2023-10-15 08:04:54,602.4027353920253,71832.67993381392,383,368
2023-10-15 08:04:55,484.33741664428265,72227.10755450204,616,251
2023-10-15 08:04:56,663.4169925381899,41688.744963782854,756,410
2023-10-15 08:04:57,1857.4637642442046,112211.17833613603,712,106
2023-10-15 08:04:58,2034.401998571918,249079.7336495889,263,441
2023-10-15 08:04:59,1970.2734957551472,212471.71607468335,985,267
2023-10-15 08:05:00,1459.7801758161158,113010.43939405949,758,111
2023-10-15 08:05:01,414.5426649293555,24019.40493323801,163,206
2023-10-15 08:05:02,536.6206209689545,31427.62935740275,190,251
2023-10-15 08:05:03,523.8361883963809,73032.76336810681,216,66
2023-10-15 08:05:04,464.8947943307982,32164.55176293196,965,371
2023-10-15 08:05:05,1010.7163940784925,83219.51362481745,366,55
2023-10-15 08:05:06,1239.8930831354935,90097.62469373654,921,107
2023-10-15 08:05:07,870.7027586238465,74444.76421010657,784,374
2023-10-15 08:05:08,1095.5996837304808,62386.058202121494,658,461
2023-10-15 08:05:09,947.6084249821597,96566.9643425235,239,367
2023-10-15 08:05:10,944.5493023123081,53613.80509247272,345,218
2023-10-15 08:05:11,1204.5611481171727,156635.8928024141,760,131
2023-10-15 08:05:12,1150.5700857559937,84418.71730038956,857,474
2023-10-15 08:05:13,1148.2184070154078,119416.08238642354,494,482
2023-10-15 08:05:14,1245.3865710629336,171873.19626538263,586,268
2023-10-15 08:05:15,991.6916619448391,114131.5490805116,575,226
2023-10-15 08:05:16,1122.234828516598,115922.12044553226,616,253
2023-10-15 08:05:17,926.2628551822482,76354.97357837463,283,120
2023-10-15 08:05:18,1051.568878476121,87595.88874830725,119,436
2023-10-15 08:05:19,146.09570836896947,17085.702514794884,657,315
2023-10-15 08:05:20,152.90987894978156,22846.86688584327,623,147
2023-10-15 08:05:21,167.85471076310742,19502.01811654105,681,394
2023-10-15 08:05:22,125.45337950299583,13270.250449129757,628,340
2023-10-15 08:05:23,212.7716182705638,26184.750058909944,982,257
2023-10-15 08:05:24,655.2133783870096,63241.56300625171,246,51
2023-10-15 08:05:25,621.0628602792393,34788.360545915726,765,173
2023-10-15 08:05:26,1010.2389057023025,107317.35728035399,403,329
2023-10-15 08:05:27,950.1230332380278,138492.3356638695,719,123
2023-10-15 08:05:28,922.6376020554027,62305.98873978289,847,215
2023-10-15 08:05:29,923.3308274233611,109876.82004792918,919,71
2023-10-15 08:05:30,818.241578565207,57353.30878779197,963,203
2023-10-15 08:05:31,673.0559646077494,69717.00013404412,681,476
2023-10-15 08:05:32,832.6864111028794,49684.437144593496,794,488
2023-10-15 08:05:33,129.68514865463663,12324.899614568894,861,344
2023-10-15 08:05:34,179.25359200253254,22517.178884633155,327,268
2023-10-15 08:05:35,145.58827855493584,12339.647916613647,201,206
2023-10-15 08:05:36,125.23508409622465,14588.781778083483,686,279
2023-10-15 08:05:37,140.3584247504102,18182.731583942706,516,69
2023-10-15 08:05:38,162.38794362826872,23175.64712971448,315,90
2023-10-15 08:05:39,133.08826341588076,9777.223890636962,506,487
2023-10-15 08:05:40,125.33338813300705,11271.43107303187,498,197
2023-10-15 08:05:41,157.31061634475736,10263.19651701974,814,157
2023-10-15 08:05:42,157.3489971332617,23484.078230255855,803,452
2023-10-15 08:05:43,134.79170473886612,19234.789313052777,860,133
2023-10-15 08:05:44,135.86885083145032,14129.77802051925,598,416
2023-10-15 08:05:45,156.9614981207291,21064.75564132205,853,371
2023-10-15 08:05:46,106.55746975508028,10879.069878437358,564,463
2023-10-15 08:05:47,107.77608676870335,12109.566860225868,790,358
2023-10-15 08:05:48,128.4466733624269,7567.107350183123,830,339
2023-10-15 08:05:49,143.5965854486446,18025.25461980259,181,455
2023-10-15 08:05:50,159.32722696794013,10001.184867798744,703,372
2023-10-15 08:05:51,194.26068650848657,25760.28082095381,786,183
2023-10-15 08:05:52,175.72978869606058,22529.052494873155,850,256
2023-10-15 08:05:53,145.20184410109718,17551.195915970347,871,332
2023-10-15 08:05:54,149.42951376291933,8011.818496075701,464,315
2023-10-15 08:05:55,119.92411906086573,9631.446057954494,262,122
2023-10-15 08:05:56,149.4446059202283,11404.305728309859,147,401
2023-10-15 08:05:57,141.34024083239586,12157.188698073629,610,97
2023-10-15 08:05:58,159.6815568101427,9383.570865143818,428,375
2023-10-15 08:05:59,125.1830716934303,17988.27941809331,939,282
2023-10-15 08:06:00,165.58039542723517,17448.899171926172,215,492
2023-10-15 08:06:01,195.98216739007734,15786.840028815743,948,149
2023-10-15 08:06:02,146.73719554629426,13162.055227234081,436,108
2023-10-15 08:06:03,162.05135166296824,15349.545198740603,980,307
2023-10-15 08:06:04,170.70431975133337,18787.620699849642,836,462
2023-10-15 08:06:05,137.9633858434249,14012.65727765209,963,114
2023-10-15 08:06:06,156.7227744543125,22245.10480803447,939,132
2023-10-15 08:06:07,150.37777202345384,14992.114734812145,246,203
2023-10-15 08:06:08,152.93028295646496,22819.614742268626,674,315
2023-10-15 08:06:09,126.809706484336,17137.380222726177,905,358
2023-10-15 08:06:10,150.7353052277683,10679.754863873612,422,128
2023-10-15 08:06:11,164.9399487373635,23596.230136728507,542,364
2023-10-15 08:06:12,193.53430823385125,11928.804443335634,936,199
2023-10-15 08:06:13,178.7781247825562,23553.11883793806,112,484
2023-10-15 08:06:14,214.5954737253467,18897.77728371817,593,97
2023-10-15 08:06:15,126.97957311335851,17497.459097128518,800,454
2023-10-15 08:06:16,176.16961910162036,24101.002600565298,386,428
2023-10-15 08:06:17,155.50026017215055,20307.17394837099,819,297
2023-10-15 08:06:18,215.6940879965302,27825.193844701753,213,327
2023-10-15 08:06:19,125.75105143934546,10118.924781288595,579,405
2023-10-15 08:06:20,124.80834473457672,7250.357414202384,121,147
2023-10-15 08:06:21,132.01822063667933,11920.983647076724,448,463
2023-10-15 08:06:22,86.28312827070579,5811.380212004583,825,74
2023-10-15 08:06:23,134.22734934957717,16039.511726576837,782,333
2023-10-15 08:06:24,127.22602015338906,10764.590086027327,934,498
2023-10-15 08:06:25,154.51181359428622,22799.92082930944,665,418
2023-10-15 08:06:26,160.25267927331478,18284.38323706292,909,350
2023-10-15 08:06:27,206.28512517647658,27280.806861277146,419,117
2023-10-15 08:06:28,178.5127151455815,11291.369672771774,225,56
2023-10-15 08:06:29,132.6928903301279,18072.963832424706,376,354
2023-10-15 08:06:30,123.04755985954927,17506.680056530102,303,186
2023-10-15 08:06:31,164.75757514519518,16262.592826277138,293,213
2023-10-15 08:06:32,110.39300378938074,12212.258474915723,780,132
2023-10-15 08:06:33,204.94376297563062,25921.488004551804,763,434
2023-10-15 08:06:34,185.38320362163861,12510.374664916413,646,187
2023-10-15 08:06:35,570.4538711395081,57191.76993917188,795,469
2023-10-15 08:06:36,413.833110229905,37189.651583163984,385,122
2023-10-15 08:06:37,799.9849065551988,51708.94377196276,156,286
2023-10-15 08:06:38,615.1043261847212,53362.41762656838,833,95
2023-10-15 08:06:39,785.3728569891281,44622.71098841959,402,155
2023-10-15 08:06:40,1997.9943599987225,105056.9224505248,262,465
2023-10-15 08:06:41,2581.7756910414637,163985.68851089347,118,337
2023-10-15 08:06:42,699.692670154097,102373.09191706385,469,311
2023-10-15 08:06:43,705.5271510687863,74047.15834225569,363,225
2023-10-15 08:06:44,636.0441229797179,93232.75709349346,893,215
2023-10-15 08:06:45,786.0290365605017,73297.04088985456,212,194
2023-10-15 08:06:46,549.7149243661468,44626.74441981812,587,379
2023-10-15 08:06:47,145.7286154493612,14662.366061734985,426,419
2023-10-15 08:06:48,153.60886895135695,14431.732785748076,641,332
2023-10-15 08:06:49,165.43316502176248,10019.702565932675,746,103
2023-10-15 08:06:50,171.3484463426667,19547.8816568997,678,227
2023-10-15 08:06:51,116.26073724486392,8324.712699403848,164,468
2023-10-15 08:06:52,103.97657487793134,11641.092082486419,391,293
2023-10-15 08:06:53,737.105670057411,84781.9746912907,124,390
2023-10-15 08:06:54,3217.9285132929767,209816.9366258342,648,176
2023-10-15 08:06:55,2565.690311547242,144024.92996684983,100,458
2023-10-15 08:06:56,3953.4691110817166,506345.1369181605,648,461
2023-10-15 08:06:57,3087.191645772795,296308.78498698334,240,416
2023-10-15 08:06:58,23261.229267960985,1298357.6016328165,843,320
2023-10-15 08:06:59,19076.07057962993,2851617.537344194,747,181
2023-10-15 08:07:00,26579.345739760298,1482544.2377639888,287,142
2023-10-15 08:07:01,25429.677103820777,3038935.999756357,227,428
2023-10-15 08:07:02,17884.709362667385,2653516.6365850857,300,122
2023-10-15 08:07:03,3603.705331129629,266378.72822278854,226,460
2023-10-15 08:07:04,870.450344011904,55904.61839151981,356,459
2023-10-15 08:07:05,191.05894672597046,11872.115203743022,775,452
2023-10-15 08:07:06,121.05229618259686,9723.830107947178,646,297
2023-10-15 08:07:07,170.58154379995318,10252.732233669101,293,397
2023-10-15 08:07:08,181.75273460548763,21667.858394385563,802,322
2023-10-15 08:07:09,97.23781540730657,5467.602607161352,203,92
2023-10-15 08:07:10,114.50224462002674,11558.10994422752,634,426
2023-10-15 08:07:11,88.82303466719699,13294.115653606761,364,90
2023-10-15 08:07:12,141.91779496666328,18647.576330004646,901,219
2023-10-15 08:07:13,171.52626767387886,19128.942787712516,483,483
2023-10-15 08:07:14,195.07071156288083,15727.646750699343,359,261
2023-10-15 08:07:15,152.22284341259325,17108.26198998876,513,217
2023-10-15 08:07:16,198.85846636713876,20423.58904089321,457,88
2023-10-15 08:07:17,108.59695625355326,10056.983672748525,174,418
2023-10-15 08:07:18,98.89852681934536,6237.632710928004,454,294
2023-10-15 08:07:19,148.33356903310144,20567.995208296124,683,200
2023-10-15 08:07:20,161.52196346817922,15341.108134955508,870,160
2023-10-15 08:07:21,149.0191575571772,10351.206153178076,287,485
2023-10-15 08:07:22,87.9767369988037,7634.263619038392,784,96
2023-10-15 08:07:23,147.32639881461634,13467.544448938323,389,112
2023-10-15 08:07:24,110.86591498485441,14717.870346908961,144,274
2023-10-15 08:07:25,623.7542271363434,76947.21845313563,672,415
2023-10-15 08:07:26,590.4112296637226,74941.1863072964,182,118
2023-10-15 08:07:27,446.6778502900704,22826.634662600467,222,348
2023-10-15 08:07:28,493.5460469202692,45216.41841718208,457,481
2023-10-15 08:07:29,433.54923988877374,42546.101101078806,627,339
2023-10-15 08:07:30,543.1838888896662,28201.688000622802,165,345
2023-10-15 08:07:31,655.1604459727913,49779.95606974142,756,252
2023-10-15 08:07:32,120.42821860993368,15177.445833082713,474,110
2023-10-15 08:07:33,165.12139546553533,10520.044367460889,261,483
2023-10-15 08:07:34,134.09227144882678,13882.708718046146,845,367
2023-10-15 08:07:35,126.21381503212967,9026.83567854165,479,363
2023-10-15 08:07:36,146.78908920136325,7517.374207107369,755,210
2023-10-15 08:07:37,118.94273032741879,8816.0525089552,457,380
2023-10-15 08:07:38,133.39052083958455,19686.756886092546,287,65
2023-10-15 08:07:39,114.06366322233455,14845.809080119128,421,387
2023-10-15 08:07:40,208.94175398749167,30496.6504143614,549,143
2023-10-15 08:07:41,151.05790655915186,14922.316386150876,573,353
2023-10-15 08:07:42,129.00823476022242,7866.0990660792995,112,187
2023-10-15 08:07:43,156.41939732202667,16392.11916831641,283,387
2023-10-15 08:07:44,146.6301585092751,13994.049984418656,210,87
2023-10-15 08:07:45,143.37091201400332,19274.17010248637,607,176
2023-10-15 08:07:46,168.42500100130275,10073.205926744813,389,324
2023-10-15 08:07:47,172.72523130141914,17069.417897366406,394,213
2023-10-15 08:07:48,134.08496557168417,8716.175282541213,550,492
2023-10-15 08:07:49,132.7254527806596,10945.548579379334,314,368
2023-10-15 08:07:50,141.7484490854507,17539.344668462658,731,126
2023-10-15 08:07:51,80.94236505793245,7900.121573052704,993,223
2023-10-15 08:07:52,104.54426813404343,9156.90997377468,666,436
2023-10-15 08:07:53,191.00622802333572,17085.054002601293,126,407
2023-10-15 08:07:54,199.34903140503852,19126.478396642775,729,370
2023-10-15 08:07:55,142.52891881330865,18315.201865031035,832,425
2023-10-15 08:07:56,167.296708891673,23289.118695818957,330,140
2023-10-15 08:07:57,159.33750463630608,23188.939735819673,664,287
2023-10-15 08:07:58,242.36642425365713,31190.217208661885,906,313
2023-10-15 08:07:59,183.5872473430373,14969.830745490865,420,228
2023-10-15 08:08:00,146.162472255577,17366.070601426236,332,258
2023-10-15 08:08:01,121.33378678198723,11376.293754026205,769,122
2023-10-15 08:08:02,101.80661039227283,7683.0457993136515,536,439
2023-10-15 08:08:03,156.1039090760167,20931.52951173191,880,156
2023-10-15 08:08:04,767.5153751435164,41325.05012109727,632,394
2023-10-15 08:08:05,647.0787573207277,90705.04079304176,502,344
2023-10-15 08:08:06,787.3700311583375,75703.85412796162,152,418
2023-10-15 08:08:07,708.6995115455752,80593.41311429351,886,493
2023-10-15 08:08:08,1209.4505725177796,140218.12649625173,412,333
2023-10-15 08:08:09,1063.7658000358256,148407.85395868623,380,402
2023-10-15 08:08:10,902.8686210739305,102626.33885548494,825,231
2023-10-15 08:08:11,1171.9763953494798,130550.38673258213,130,86
2023-10-15 08:08:12,918.3035655115752,52035.858925129134,436,186
2023-10-15 08:08:13,748.5368884575141,76231.59719270348,282,387
2023-10-15 08:08:14,195.69372231808973,12723.399190572,122,105
2023-10-15 08:08:15,166.16730131053976,20562.102989897987,643,236
2023-10-15 08:08:16,118.88261537020631,12033.558928126462,545,390
2023-10-15 08:08:17,144.28983965749177,17029.48770212909,173,307
2023-10-15 08:08:18,123.7314523984573,6702.19747164182,109,494
2023-10-15 08:08:19,108.51600807106992,6345.929513312363,583,107
2023-10-15 08:08:20,177.78532642594925,21624.44505862405,555,412
2023-10-15 08:08:21,207.28249921410392,11858.307092704617,665,172
2023-10-15 08:08:22,108.04297278542576,6172.0275091433205,663,237
2023-10-15 08:08:23,166.88907710071712,8546.531080740582,759,279
2023-10-15 08:08:24,130.48072292634518,19004.53553933488,259,217
2023-10-15 08:08:25,135.38623848705913,16754.160188344642,981,469
2023-10-15 08:08:26,132.22818227283392,11282.388276796322,113,163
2023-10-15 08:08:27,124.08027690960552,9883.435549452586,277,301
2023-10-15 08:08:28,151.4556488383448,12869.23539811948,511,156
2023-10-15 08:08:29,125.07149650766887,15942.282467361498,977,86
2023-10-15 08:08:30,158.11370477339517,18362.860993128503,152,384
2023-10-15 08:08:31,148.4928567165259,10174.664728214251,507,141
2023-10-15 08:08:32,142.8315585940077,9628.408702853787,946,67
2023-10-15 08:08:33,122.77309013875207,7346.688304090004,121,403
2023-10-15 08:08:34,132.69686008295002,15396.852765007485,129,112
2023-10-15 08:08:35,172.6617367747727,21830.877978974793,802,199
2023-10-15 08:08:36,165.0275156287314,12625.371140710973,359,188
2023-10-15 08:08:37,120.67334265604347,6286.416978742255,304,235
2023-10-15 08:08:38,152.97996916287678,8906.060373804441,158,234
2023-10-15 08:08:39,172.54161370115366,25326.693909959322,570,254
2023-10-15 08:08:40,99.91784156635885,7947.912525077644,875,309
2023-10-15 08:08:41,166.30080577139805,21107.28321891919,565,263
2023-10-15 08:08:42,130.1212872316246,14634.267128182966,111,305
2023-10-15 08:08:43,167.1179600577948,14738.795347289857,730,184
2023-10-15 08:08:44,127.1022253037245,8969.442139354795,389,110
2023-10-15 08:08:45,95.85353698006443,5956.208601195245,949,412
2023-10-15 08:08:46,101.17372686350512,11281.001747763046,859,359
2023-10-15 08:08:47,151.44254839984146,19303.378801631112,453,137
2023-10-15 08:08:48,157.79167505164446,18049.8568264956,738,373
2023-10-15 08:08:49,122.87050124686775,12659.373954804121,174,256
2023-10-15 08:08:50,169.15777376332122,9167.526244400387,972,178
2023-10-15 08:08:51,100.1543981319312,14707.560968346088,815,360
2023-10-15 08:08:52,148.0176060405805,19223.256557963774,660,52
2023-10-15 08:08:53,113.66951400712631,9011.969560593872,690,471
2023-10-15 08:08:54,130.44491676593523,19305.4606429269,540,291
2023-10-15 08:08:55,151.42196013949243,16684.90701443517,340,170
2023-10-15 08:08:56,124.18759904148143,13442.347107085601,960,434
2023-10-15 08:08:57,138.46333367310524,17281.237309180466,253,151
2023-10-15 08:08:58,180.1887842764332,23636.620336651627,885,87
2023-10-15 08:08:59,132.69324391430553,15345.689792431545,195,390
2023-10-15 08:09:00,175.07076336195425,10996.120178072704,825,462
2023-10-15 08:09:01,116.10879436027146,9733.022947241283,393,182
2023-10-15 08:09:02,165.8941253374585,23691.068642062368,308,251
2023-10-15 08:09:03,193.247058619737,14002.983561876545,442,397
2023-10-15 08:09:04,433.94635491579504,37847.370087204625,187,70
2023-10-15 08:09:05,721.386681307156,67238.7849310232,917,291
2023-10-15 08:09:06,957.2032575380781,89920.15162830542,875,158
2023-10-15 08:09:07,823.3102384249155,91629.45530160937,489,352
2023-10-15 08:09:08,921.8597517587368,133031.35335523673,424,133
2023-10-15 08:09:09,754.4961950471554,55884.98327767841,988,132
2023-10-15 08:09:10,873.0208617169934,54258.36670965249,931,340
2023-10-15 08:09:11,831.4401221833906,57990.494930845554,256,118
2023-10-15 08:09:12,1058.5879017832133,146818.1920043423,767,178
2023-10-15 08:09:13,901.8260178439828,103332.20023794222,750,245
2023-10-15 08:09:14,916.1026680437099,71997.13064556602,732,189
2023-10-15 08:09:15,137.643691016326,18113.179386127635,676,493
2023-10-15 08:09:16,135.3718132778252,18429.112494974463,718,332
2023-10-15 08:09:17,137.02325436541136,18450.377673703166,758,361
2023-10-15 08:09:18,637.0482835166141,90392.47126912574,236,283
2023-10-15 08:09:19,540.7507379244861,40677.48867558135,773,72
2023-10-15 08:09:20,624.6866046511097,78400.78811632926,527,202
2023-10-15 08:09:21,835.55694165116,80258.5444677523,551,326
2023-10-15 08:09:22,693.3400864289031,93046.13926482582,711,110
2023-10-15 08:09:23,551.9649831793275,67808.38359554704,949,368
2023-10-15 08:09:24,732.3213888208106,93476.97667774557,918,427
2023-10-15 08:09:25,542.2752161750755,62695.79104618755,240,101
2023-10-15 08:09:26,349.7774437615174,23694.93033156243,182,393
2023-10-15 08:09:27,471.417985822629,49264.44852368226,276,202
2023-10-15 08:09:28,369.5382928354108,54864.23209682808,297,286
2023-10-15 08:09:29,548.9547924019645,78906.10676449869,723,360
2023-10-15 08:09:30,150.55255137568656,8177.61917645032,667,351
2023-10-15 08:09:31,200.2931193682585,13315.783324468293,790,81
2023-10-15 08:09:32,159.8078212129249,10095.519888328696,520,104
2023-10-15 08:09:33,143.42698413573407,17583.860110018966,500,401
2023-10-15 08:09:34,174.88216743550467,23045.715470009403,797,438
2023-10-15 08:09:35,83.66594072976345,5969.6599683761215,570,85
2023-10-15 08:09:36,157.06843674325697,15798.771007593903,317,159
2023-10-15 08:09:37,173.125955816609,23211.04931906609,927,226
2023-10-15 08:09:38,105.64241262660475,13023.612947891199,828,411
2023-10-15 08:09:39,184.31262129620788,19209.747135663703,731,363
2023-10-15 08:09:40,160.15489222483242,17462.45168530197,274,344
2023-10-15 08:09:41,137.54136258297595,13869.128359777998,122,385
2023-10-15 08:09:42,168.98345598318855,13477.249361789412,824,146
2023-10-15 08:09:43,218.12078573413186,23230.343390653958,334,418
2023-10-15 08:09:44,155.45598765175487,18481.933883485173,112,262
2023-10-15 08:09:45,157.4466175890101,21622.50479597609,200,366
2023-10-15 08:09:46,136.21917301379267,15478.466854177594,635,186
2023-10-15 08:09:47,124.50466891605625,15701.551943246635,975,55
2023-10-15 08:09:48,1289.496068617365,85115.97782797582,622,158
2023-10-15 08:09:49,916.5104349577007,88127.74591173098,884,84
2023-10-15 08:09:50,1121.6789101700863,57130.65362428187,551,88
2023-10-15 08:09:51,1000.2070424125018,74683.34587150977,530,199
2023-10-15 08:09:52,1211.786622184906,148620.98989958945,892,474
2023-10-15 08:09:53,1179.6466846016954,175980.8663165093,705,167
2023-10-15 08:09:54,1335.3234302814851,80009.65552903425,812,310
2023-10-15 08:09:55,993.0502091155669,89522.91188825472,632,475
2023-10-15 08:09:56,1046.1623252814513,136008.52676452216,951,136
2023-10-15 08:09:57,889.3773090678823,62615.331821414875,822,125
2023-10-15 08:09:58,1007.5862035657933,106308.9038506898,751,463
2023-10-15 08:09:59,161.31901479134558,19891.784664299477,392,362
2023-10-15 08:10:00,172.70965849936056,19274.146600469063,909,432
2023-10-15 08:10:01,122.33504027467123,8416.953361914691,200,263
2023-10-15 08:10:02,176.0881776031698,15062.310984974529,601,334
2023-10-15 08:10:03,190.66913576414854,24477.947004894475,403,288
2023-10-15 08:10:04,162.40304709671102,17120.95982251834,970,214
2023-10-15 08:10:05,206.303874376742,10423.082672376697,639,136
2023-10-15 08:10:06,126.78632402689281,15987.638309583974,652,190
2023-10-15 08:10:07,112.66035890065749,6030.836937116458,454,209
2023-10-15 08:10:08,96.63839253287165,12038.571028703986,402,95
2023-10-15 08:10:09,194.8813293446755,13690.034540379378,595,421
2023-10-15 08:10:10,169.63096969062173,24733.44183128299,757,161
2023-10-15 08:10:11,148.33245987268634,12874.37866643857,867,456
2023-10-15 08:10:12,158.39905878959462,13098.518971130989,326,94
2023-10-15 08:10:13,116.2353285810487,7542.371574270777,335,450
2023-10-15 08:10:14,223.37255938850478,17994.987546821783,972,296
2023-10-15 08:10:15,153.87663545925682,21183.43874325462,991,153
2023-10-15 08:10:16,153.28184383814678,22936.088626983652,554,134
2023-10-15 08:10:17,171.77299871696076,14915.213186967765,112,499
2023-10-15 08:10:18,164.4302769521014,15598.030876756307,309,183
2023-10-15 08:10:19,156.71652072837395,19151.870551839263,840,157
2023-10-15 08:10:20,126.28576633664065,17505.67964286496,496,67
2023-10-15 08:10:21,164.14405071407987,17941.672462349317,199,143
2023-10-15 08:10:22,206.460734894251,18406.505082290485,130,199
2023-10-15 08:10:23,190.36260138464934,17372.906770439145,997,295
2023-10-15 08:10:24,197.7955987991819,23648.80072215039,627,338
2023-10-15 08:10:25,624.9460597863658,31448.427105203074,748,463
2023-10-15 08:10:26,558.3428574650279,62511.470986470486,428,258
2023-10-15 08:10:27,3989.5013478408646,341299.05182242347,265,175
2023-10-15 08:10:28,4138.067216441989,535547.5548164415,558,284
2023-10-15 08:10:29,4988.0431729991715,295786.2912622185,921,465
2023-10-15 08:10:30,18438.09486846455,2006437.6634072608,199,475
2023-10-15 08:10:31,36399.44997118727,3570687.362850096,720,171
2023-10-15 08:10:32,26992.034770185695,3083369.0314104557,954,187
2023-10-15 08:10:33,25493.18185214461,1439991.540399186,272,164
2023-10-15 08:10:34,22230.812258297316,2400891.6820319663,848,469
2023-10-15 08:10:35,18647.743146411824,1979429.1950143985,261,211
2023-10-15 08:10:36,1189.8116306024915,126198.5716452297,827,250
2023-10-15 08:10:37,1036.5989860799227,114387.41963455848,875,283
2023-10-15 08:10:38,758.0488340210655,89182.0148077612,362,77
2023-10-15 08:10:39,757.0031315252304,98788.07593643204,903,60
2023-10-15 08:10:40,953.0096246369894,73364.65555271665,373,255
2023-10-15 08:10:41,200.0706457586818,26510.349115688543,102,216
2023-10-15 08:10:42,142.21225945909185,14196.419609256302,127,296
2023-10-15 08:10:43,104.90571140645682,6053.670929557275,425,96
2023-10-15 08:10:44,142.62770807742166,7966.483888258287,248,295
2023-10-15 08:10:45,141.81829290756988,11831.02542355566,639,176
2023-10-15 08:10:46,69.09340071175285,8877.790171288256,587,196
2023-10-15 08:10:47,148.37115400446564,17918.50139567014,921,167
2023-10-15 08:10:48,143.07196409373967,18436.467395626612,537,448
2023-10-15 08:10:49,170.88619094440256,17383.72342209131,164,431
2023-10-15 08:10:50,205.46868284836034,19318.14497252629,455,461
2023-10-15 08:10:51,1460.270116700227,94545.5576731242,632,201
2023-10-15 08:10:52,1127.6629613242249,93392.22930823405,351,121
2023-10-15 08:10:53,928.0116734565694,86678.08750438622,334,412
2023-10-15 08:10:54,1805.1144402070977,106249.11351267794,326,186
2023-10-15 08:10:55,1205.867473440598,86896.25147469639,624,224
2023-10-15 08:10:56,1195.0727817164568,131245.91571281262,412,338
2023-10-15 08:10:57,1186.0024997185035,146549.95422976298,148,495
2023-10-15 08:10:58,1238.9663381708133,185640.21294978735,217,68
2023-10-15 08:10:59,145.6691876422817,20876.045477614018,153,244
2023-10-15 08:11:00,132.7901397935929,15172.139256957247,749,379
2023-10-15 08:11:01,133.59423176278824,12307.342594278574,664,473
2023-10-15 08:11:02,149.01740189352006,16931.019897904724,143,224
2023-10-15 08:11:03,133.69725686598704,17188.809462264464,914,498
2023-10-15 08:11:04,128.61462651968506,7952.707825921614,152,462
2023-10-15 08:11:05,153.1929068307569,13939.097499209362,685,483
2023-10-15 08:11:06,142.35068347737433,19072.17710847784,657,403
2023-10-15 08:11:07,195.11978965748065,17245.329967352576,624,190
2023-10-15 08:11:08,70.47090574820965,7553.580979977047,776,295
2023-10-15 08:11:09,182.74520555767384,19878.46354501019,201,434
2023-10-15 08:11:10,1042.2522181673585,71339.6893111418,891,467
2023-10-15 08:11:11,488.348369895216,42107.12723967767,869,142
2023-10-15 08:11:12,777.1418474404609,64853.3644642825,948,481
2023-10-15 08:11:13,5930.912614014155,312082.66960855527,967,288
2023-10-15 08:11:14,4603.319000283304,241302.19065130953,497,254
2023-10-15 08:11:15,5410.19344060617,720473.8610569299,237,97
2023-10-15 08:11:16,4983.804702830244,385283.3938363289,774,482
2023-10-15 08:11:17,8652.17982242586,880860.0558891692,486,294
2023-10-15 08:11:18,7605.82048007546,607496.3325561509,210,369
2023-10-15 08:11:19,8036.203955810102,1157759.224864941,713,366
2023-10-15 08:11:20,7331.598459784435,556685.894781962,116,462
2023-10-15 08:11:21,4960.130142795019,461121.87793211365,879,344
2023-10-15 08:11:22,5734.760740438639,787227.9547691593,281,177
2023-10-15 08:11:23,7033.938615810601,943907.8335309356,983,393
2023-10-15 08:11:24,4840.864982747282,332132.4328265305,635,331
2023-10-15 08:11:25,1316.1219836953387,171443.74969357922,640,66
2023-10-15 08:11:26,1096.5016803849205,105065.35314308948,270,120
2023-10-15 08:11:27,138.75537577351207,13639.221521986878,508,318
2023-10-15 08:11:28,171.32879904610473,10853.33628937832,839,374
2023-10-15 08:11:29,163.3278993445812,9482.842559823514,477,331
2023-10-15 08:11:30,139.1710150254276,17089.355974115904,287,354
2023-10-15 08:11:31,184.77989410092744,18412.598620790042,957,56
2023-10-15 08:11:32,117.56810017200308,11014.37572512729,329,363
2023-10-15 08:11:33,168.4780682083279,20714.517120959892,932,354
2023-10-15 08:11:34,167.7930377390515,21234.425361967173,951,152
2023-10-15 08:11:35,140.71360682058028,9271.734483629441,218,358
2023-10-15 08:11:36,159.78399066726354,17739.62049226967,255,242
2023-10-15 08:11:37,112.46659270844091,7145.610879716972,883,290
2023-10-15 08:11:38,177.72081057620704,22239.53946239528,786,111
2023-10-15 08:11:39,144.45293590671034,16712.556903519515,564,66
2023-10-15 08:11:40,134.3183093844288,19565.001332857046,203,220
2023-10-15 08:11:41,181.47027677510667,10324.896870161541,703,74
2023-10-15 08:11:42,128.8696892837172,7178.746882878988,797,300
2023-10-15 08:11:43,107.74616110909321,8427.765456734385,894,302
2023-10-15 08:11:44,103.30112479428288,7868.505389211739,601,436
2023-10-15 08:11:45,168.1802985403692,12562.71174312554,792,256
2023-10-15 08:11:46,111.58711942511151,15691.989781871103,781,78
2023-10-15 08:11:47,202.64382545953094,15189.090929615802,798,166
2023-10-15 08:11:48,87.54211776348833,6757.811383224518,274,465
2023-10-15 08:11:49,200.89369104870116,25300.516543746548,833,331
2023-10-15 08:11:50,156.33052401607856,14847.332724924081,844,429
2023-10-15 08:11:51,147.09860664388822,18780.234401564965,773,193
2023-10-15 08:11:52,133.6524273957315,7556.255932587769,520,74
2023-10-15 08:11:53,161.97408343056213,15996.09389176726,233,359
2023-10-15 08:11:54,148.87095892725455,7943.95683559099,490,205
2023-10-15 08:11:55,183.09905646049566,10302.127066715071,835,122
2023-10-15 08:11:56,153.42682945986118,21578.52393002344,600,169
2023-10-15 08:11:57,154.50905284385632,9876.919682619906,764,361
2023-10-15 08:11:58,139.09163363358434,14360.107929475967,132,370
2023-10-15 08:11:59,148.29163128836797,13510.78531693174,154,142
2023-10-15 08:12:00,159.2340530667618,13492.5912179267,618,135
2023-10-15 08:12:01,98.69494822030123,13815.647956965637,855,385
2023-10-15 08:12:02,109.55443733682861,5716.806862293142,924,474
2023-10-15 08:12:03,172.29792282068144,20051.854552818673,737,413
2023-10-15 08:12:04,155.12596314383825,22701.047106670925,111,484
2023-10-15 08:12:05,144.48049990941962,15317.362913462823,627,167
2023-10-15 08:12:06,150.55301799196178,21631.795797772287,819,282
2023-10-15 08:12:07,160.42745116085013,8859.732395735326,654,248
2023-10-15 08:12:08,133.80720959071914,12294.11702159088,472,255
2023-10-15 08:12:09,126.65085823793062,9627.463662159324,583,462
2023-10-15 08:12:10,155.87535765293046,19185.465812309627,746,388
2023-10-15 08:12:11,120.64881667154904,17871.674110750133,327,196
2023-10-15 08:12:12,162.24758267143415,12274.517384984832,722,499
2023-10-15 08:12:13,98.92249187286478,11417.38276341861,406,474
2023-10-15 08:12:14,180.8746691197693,12626.81783387122,556,478
2023-10-15 08:12:15,164.17792447239128,17490.371007321115,259,320
2023-10-15 08:12:16,157.68089202941627,15199.373435715028,430,436
2023-10-15 08:12:17,179.48072951836542,26419.659041719024,875,188
2023-10-15 08:12:18,199.9642333338773,22166.58062144429,324,230
2023-10-15 08:12:19,180.4311019505439,15327.73708296335,828,479
2023-10-15 08:12:20,94.77377306005064,5820.017455410268,603,79
2023-10-15 08:12:21,600.8262893205737,39128.621554060184,555,106
2023-10-15 08:12:22,706.5658919870125,51248.42035842759,144,281
2023-10-15 08:12:23,811.6839425208972,60954.758037844855,313,195
2023-10-15 08:12:24,891.0692588890729,120349.2449704184,158,484
2023-10-15 08:12:25,690.2670640911688,73252.71384144225,743,433
2023-10-15 08:12:26,837.6321189307765,85722.50975890091,715,97
2023-10-15 08:12:27,685.480521848967,42141.20871054119,294,243
2023-10-15 08:12:28,708.7138883408893,96394.9890760463,588,273
2023-10-15 08:12:29,580.3029548383537,70960.27533704856,256,185
2023-10-15 08:12:30,658.373690105756,37373.79141803938,709,71
2023-10-15 08:12:31,589.1813326280264,71163.3892180737,325,55
2023-10-15 08:12:32,649.8726407055711,67816.69369816496,511,253
2023-10-15 08:12:33,977.6273034038692,56871.05810841063,304,288
2023-10-15 08:12:34,654.1480937466301,62687.05378921434,178,234
2023-10-15 08:12:35,228.97146194512172,22546.73484361002,223,409
2023-10-15 08:12:36,164.79953702642666,10971.933598288995,570,341
2023-10-15 08:12:37,155.54508371084623,22487.12392957742,317,384
2023-10-15 08:12:38,980.7273944356639,132395.78286245468,615,269
2023-10-15 08:12:39,1349.8148219459813,157796.36781127652,701,165
2023-10-15 08:12:40,1047.6745591277536,100817.25776219055,203,362
2023-10-15 08:12:41,1212.8752492799422,110585.78585341721,492,98
2023-10-15 08:12:42,1790.2034066221474,206047.66218253423,730,222
2023-10-15 08:12:43,1161.237050848406,121399.42208930108,744,131
2023-10-15 08:12:44,1456.1279045549109,81874.15594553716,923,371
2023-10-15 08:12:45,1017.4738341160728,103019.49520970289,707,382
2023-10-15 08:12:46,1175.6985617340576,153593.68538248198,533,94
2023-10-15 08:12:47,1603.3035480116123,153795.26991454276,430,384
2023-10-15 08:12:48,1035.5199642002824,57156.20554291065,242,69
2023-10-15 08:12:49,1613.1656404409675,207497.97952945984,899,497
2023-10-15 08:12:50,1351.5770765899933,94794.72102854413,639,270
2023-10-15 08:12:51,133.12599672317197,10099.215477943502,377,172
2023-10-15 08:12:52,168.97223217166564,11231.691627814314,332,283
2023-10-15 08:12:53,179.17663348880188,14875.514039536221,628,270
2023-10-15 08:12:54,168.6542988665159,21195.65440413549,670,372
2023-10-15 08:12:55,102.89325840328631,10488.793265459473,189,388
2023-10-15 08:12:56,1011.8985000121214,71326.8303999739,591,52
2023-10-15 08:12:57,1125.481664614255,155072.2489914148,298,231
2023-10-15 08:12:58,1166.471667801715,160924.3147214294,461,255
2023-10-15 08:12:59,1331.0864164401269,182435.8324244642,540,369
2023-10-15 08:13:00,1226.182091948402,90589.86839953698,125,89
2023-10-15 08:13:01,867.8629993693,82554.54303589983,124,108
2023-10-15 08:13:02,1274.13735456213,189208.0792027462,493,488
2023-10-15 08:13:03,1328.6977685594418,169012.01388528539,606,111
2023-10-15 08:13:04,1316.6684366304735,69410.47043475762,400,181
2023-10-15 08:13:05,182.42342176663865,10310.655553595334,438,109
2023-10-15 08:13:06,175.01766463646712,16870.501843950886,366,421
2023-10-15 08:13:07,163.7754023768531,23079.560625256876,560,380
2023-10-15 08:13:08,147.89502865624058,15361.883217350529,792,171
2023-10-15 08:13:09,100.17117199452025,9995.204836058652,555,156
2023-10-15 08:13:10,162.88854657397758,9862.473097470414,459,145
2023-10-15 08:13:11,156.23063061489333,18072.44852438388,167,396
2023-10-15 08:13:12,158.1473651158612,20908.71312602779,962,463
2023-10-15 08:13:13,111.69754272539072,9834.075140486475,511,284
2023-10-15 08:13:14,117.56830378775213,14997.15216048457,590,435
2023-10-15 08:13:15,181.5945855999871,26594.103108597366,932,111
2023-10-15 08:13:16,148.81334538430036,10472.98411520549,148,305
2023-10-15 08:13:17,170.44502092117872,17442.14403982498,786,98
2023-10-15 08:13:18,150.84955128391383,11873.940777559437,663,442
2023-10-15 08:13:19,150.89268418487237,19508.227354828978,201,397
2023-10-15 08:13:20,178.14851417927994,19197.16570211774,315,208
2023-10-15 08:13:21,134.51865815347878,15262.250437339682,537,173
2023-10-15 08:13:22,152.8836233082295,19842.98194651336,799,366
2023-10-15 08:13:23,136.1317413388487,12197.002063173131,668,256
2023-10-15 08:13:24,1010.2299218452079,142956.63292107772,658,97
2023-10-15 08:13:25,5589.668964919349,577428.9399111539,258,458
2023-10-15 08:13:26,6222.781957103654,409430.9400129135,588,469
2023-10-15 08:13:27,5387.598773028128,644302.462171166,785,185
2023-10-15 08:13:28,7454.463644289431,964056.9719406621,341,250
2023-10-15 08:13:29,663.2557591413056,54172.18861609483,893,299
2023-10-15 08:13:30,777.5955521190891,105533.65536705205,852,363
2023-10-15 08:13:31,736.7442925662355,103596.80174791884,981,406
2023-10-15 08:13:32,1041.5557111420742,80918.93058402624,104,417
2023-10-15 08:13:33,155.89664329534725,23127.60178528732,695,478
2023-10-15 08:13:34,180.95533618405904,11594.016995506525,919,367
2023-10-15 08:13:35,105.43318880889083,7401.5750513479425,460,344
2023-10-15 08:13:36,158.01150797607778,10811.53986426899,558,363
2023-10-15 08:13:37,1187.2648566733778,165503.4993256658,347,258
2023-10-15 08:13:38,1024.5153527423734,118259.04414131028,665,404
2023-10-15 08:13:39,1222.7136026095955,79733.67774158533,772,260
2023-10-15 08:13:40,903.6501727331633,84972.34194335972,521,241
2023-10-15 08:13:41,1292.032257029842,144100.10245918616,837,93
2023-10-15 08:13:42,1471.3528802266967,85848.15619579633,114,78
2023-10-15 08:13:43,934.7850490054602,129226.21526876044,835,108
2023-10-15 08:13:44,918.1211834477958,119686.60207063127,672,120
2023-10-15 08:13:45,1300.909490281948,130768.30314415459,221,141
2023-10-15 08:13:46,197.38716437192136,28959.19623605825,376,314
2023-10-15 08:13:47,134.31419918540195,12326.833097494527,657,432
2023-10-15 08:13:48,137.39439548712429,20390.844012022277,552,269
2023-10-15 08:13:49,141.5464617341848,16531.494341924674,489,439
2023-10-15 08:13:50,109.66648466897169,12443.540979262596,393,462
2023-10-15 08:13:51,122.44044160547405,8153.981146934315,673,491
2023-10-15 08:13:52,119.87577699743797,16565.966378109686,697,450
2023-10-15 08:13:53,126.96607304687615,11775.972346675318,545,449
2023-10-15 08:13:54,148.95945337839657,9864.5926134272,309,264
2023-10-15 08:13:55,157.0264419760956,8049.293499198379,689,436
2023-10-15 08:13:56,196.5150147844223,20825.79038380723,813,326
2023-10-15 08:13:57,120.04937877783627,12333.868639241104,401,113
2023-10-15 08:13:58,179.5296719542975,21891.015582021937,322,395
2023-10-15 08:13:59,143.58033467323474,19961.371653445578,833,341
2023-10-15 08:14:00,777.6971061287284,45060.28241488142,102,294
2023-10-15 08:14:01,891.4772941803886,109785.11590012713,617,111
2023-10-15 08:14:02,609.0951942654975,41869.93116305402,192,475
2023-10-15 08:14:03,845.5416217770049,114839.52281868219,619,381
2023-10-15 08:14:04,811.6160948287041,107057.31779514258,527,219
2023-10-15 08:14:05,862.8284296997494,89802.64412554831,592,494
2023-10-15 08:14:06,830.8940500474807,100558.3540488921,334,318
2023-10-15 08:14:07,1171.1792428296174,95374.99489567557,719,316
2023-10-15 08:14:08,685.2827232159591,66552.45824806005,260,103
2023-10-15 08:14:09,702.0513600015549,92785.69814658725,820,65
2023-10-15 08:14:10,131.30578420725706,12595.706897755792,851,57
2023-10-15 08:14:11,133.33568642519236,11437.512052150707,430,153
2023-10-15 08:14:12,130.87838618080445,13012.092061698744,432,108
2023-10-15 08:14:13,185.67049593322656,24661.66974229558,149,362
2023-10-15 08:14:14,192.61512743969564,16087.3704483,622,89
2023-10-15 08:14:15,132.8776111875157,8952.783100577251,962,286
2023-10-15 08:14:16,568.6706931406561,68923.68530376985,767,492
2023-10-15 08:14:17,746.5688907698744,98993.40834464933,591,435
2023-10-15 08:14:18,606.8944816935156,36452.357121423986,681,143
2023-10-15 08:14:19,768.607614542351,56867.28768669851,780,271
2023-10-15 08:14:20,709.9333670432102,45575.73362384516,371,253
2023-10-15 08:14:21,475.4230462697501,40313.08889526656,679,187
2023-10-15 08:14:22,196.42515603990185,18667.283932416914,966,349
2023-10-15 08:14:23,203.87633019286565,25460.613062827797,351,444
2023-10-15 08:14:24,131.61633928546843,15150.983109943398,659,256
2023-10-15 08:14:25,138.36895320192048,15510.17124961188,795,385
2023-10-15 08:14:26,158.57596172174715,13516.617690614883,931,130
2023-10-15 08:14:27,160.03370369961075,21467.682023893434,798,267
2023-10-15 08:14:28,169.7563281801849,16488.214314604502,189,51
2023-10-15 08:14:29,210.3061361629905,31106.48444935667,545,227
2023-10-15 08:14:30,144.69158317517852,16410.08215356924,431,445
2023-10-15 08:14:31,911.6636961538599,57094.282906553635,238,420
2023-10-15 08:14:32,785.5965562749328,92400.1042334307,456,395
2023-10-15 08:14:33,926.2806831985047,76427.79111239038,700,328
2023-10-15 08:14:34,1077.6863775884553,127848.86592313072,373,195
2023-10-15 08:14:35,1474.2479647172154,83979.23032976044,118,367
2023-10-15 08:14:36,972.565478461624,65636.63878519053,410,273
2023-10-15 08:14:37,1133.4304469122276,153663.38872571438,969,418
2023-10-15 08:14:38,592.0331343787839,43051.43924008071,985,433
2023-10-15 08:14:39,735.1614693712454,98294.11182433831,253,111
2023-10-15 08:14:40,894.1756700895857,69680.97185785137,489,343
2023-10-15 08:14:41,530.9185978547486,60677.726120192594,359,288
2023-10-15 08:14:42,535.8402707458612,63987.39666208332,719,244
2023-10-15 08:14:43,718.0271186977225,72711.35746362958,982,215
2023-10-15 08:14:44,170.45674468878934,13727.063641285089,896,271
2023-10-15 08:14:45,205.401219772081,14637.80241703371,670,110
2023-10-15 08:14:46,167.51784555977892,8931.873195170672,224,178
2023-10-15 08:14:47,139.22123727638822,11192.641268463321,453,222
2023-10-15 08:14:48,167.71964492076927,19340.80537637502,372,205
2023-10-15 08:14:49,183.26110741748724,26358.533383277685,718,454
2023-10-15 08:14:50,174.61446543592092,23943.213767370155,910,427
2023-10-15 08:14:51,165.21822093321893,20917.69699653761,344,159
2023-10-15 08:14:52,182.00024068767462,23449.772658549526,947,318
2023-10-15 08:14:53,185.0788677133702,21561.408683850706,549,460
2023-10-15 08:14:54,191.4647697311258,14556.8148113476,346,405
2023-10-15 08:14:55,169.46129662768928,23846.509451145095,619,440
2023-10-15 08:14:56,144.98645759049438,16974.033068995665,240,327
2023-10-15 08:14:57,154.4014105929997,16373.352927351058,461,123
2023-10-15 08:14:58,186.1952689952507,11376.334857346956,107,486
2023-10-15 08:14:59,125.49192987038292,11884.78278867133,577,256
2023-10-15 08:15:00,161.06019926618703,15467.549452671314,451,437
2023-10-15 08:15:01,138.19983563017917,18858.246654295697,594,328
2023-10-15 08:15:02,150.86234468804452,15789.980456109846,705,424
2023-10-15 08:15:03,188.35355587821897,16582.65739957127,932,375
2023-10-15 08:15:04,155.7329720405971,22998.650426949513,526,389
2023-10-15 08:15:05,151.39309644468446,9245.888168620582,138,406
2023-10-15 08:15:06,109.20431577060242,10074.626987905056,692,389
2023-10-15 08:15:07,172.38760698081663,9343.8336677353,286,253
2023-10-15 08:15:08,169.36452543423226,20999.577299764016,695,210
2023-10-15 08:15:09,214.8976416991638,30474.130681647865,699,77
2023-10-15 08:15:10,140.76665295140998,10980.324405797837,853,441
2023-10-15 08:15:11,156.57450982991816,21268.168222637145,953,306
2023-10-15 08:15:12,157.48151051132265,12475.972358774678,192,214
2023-10-15 08:15:13,197.32359839290422,27837.82448009165,185,112
2023-10-15 08:15:14,147.14113402839143,18450.937652363125,143,71
2023-10-15 08:15:15,158.37064577311017,20665.892892208638,236,119
2023-10-15 08:15:16,168.23689529149618,8714.781465486225,520,430
2023-10-15 08:15:17,155.59827369469073,22761.076630343257,173,454
2023-10-15 08:15:18,136.60699156348414,16757.183386492135,647,145
2023-10-15 08:15:19,155.82269978694922,12539.8488339572,712,212
2023-10-15 08:15:20,1091.9030964729927,145157.01509940514,611,128
2023-10-15 08:15:21,714.3436459514188,55827.47022640433,255,54
2023-10-15 08:15:22,922.7931017438361,126676.77735439877,354,365
2023-10-15 08:15:23,773.0220714708435,47353.81623386536,270,169
2023-10-15 08:15:24,5211.056824470992,627247.6027367116,827,351
2023-10-15 08:15:25,2924.5737267971135,304359.9422313484,269,227
2023-10-15 08:15:26,3735.6798103391934,222846.17764804955,863,225
2023-10-15 08:15:27,4523.122797389581,335567.6887840185,971,439
2023-10-15 08:15:28,5522.689472428984,282984.83767788456,421,266
2023-10-15 08:15:29,887.0677035745298,85936.27744211686,666,105
2023-10-15 08:15:30,799.0756766115056,64027.158038709174,555,415
2023-10-15 08:15:31,1237.0780812670569,135875.39692203832,702,236
2023-10-15 08:15:32,638.5676281500068,50909.0255940003,889,281
2023-10-15 08:15:33,503.59201475441,40283.287700436,712,304
2023-10-15 08:15:34,977.9928825958538,121583.41000510809,254,462
2023-10-15 08:15:35,134.93837326942167,7396.550260620644,988,153
2023-10-15 08:15:36,119.36301548607861,16745.377703644335,448,126
2023-10-15 08:15:37,171.2506934189806,23157.61261749271,550,279
2023-10-15 08:15:38,157.31402141313598,18371.20509434394,975,451
2023-10-15 08:15:39,133.07764107789814,14548.334772536675,752,307
2023-10-15 08:15:40,111.59086803987316,15536.824434148768,272,313
2023-10-15 08:15:41,176.17371984840435,12073.71670519484,109,380
2023-10-15 08:15:42,169.50603533875983,9813.876726637076,839,231
2023-10-15 08:15:43,147.0247240866185,10872.62786901982,364,430
2023-10-15 08:15:44,205.39910988142998,26590.522611685286,537,305
2023-10-15 08:15:45,117.89745701021542,6303.626478602598,859,87
2023-10-15 08:15:46,104.23424487225783,11286.555279744696,346,225
2023-10-15 08:15:47,129.24275790356268,19327.446886501857,766,76
2023-10-15 08:15:48,148.63241950933508,20150.039054642806,645,325
2023-10-15 08:15:49,157.30018347968075,16067.359430108556,598,189
2023-10-15 08:15:50,142.76291826431012,8046.702106291035,228,348
2023-10-15 08:15:51,160.5616618954289,21376.75440733273,771,494
2023-10-15 08:15:52,112.45381727428668,12358.432834692821,700,336
2023-10-15 08:15:53,193.31293812219778,11887.450440987368,704,140
2023-10-15 08:15:54,147.53546464822293,8761.501045114592,426,110
2023-10-15 08:15:55,183.51887494764384,25869.312799902887,852,414
2023-10-15 08:15:56,160.28176039133112,18740.14763937224,934,396
2023-10-15 08:15:57,163.70259657461352,21760.77006405101,503,212
2023-10-15 08:15:58,167.0930184069661,23041.774676768277,728,400
2023-10-15 08:15:59,163.43125680051946,17516.11024993061,705,192
2023-10-15 08:16:00,169.2816827960263,17223.50305797711,774,449
2023-10-15 08:16:01,189.87457590397293,17666.450994412982,710,302
2023-10-15 08:16:02,155.8956350910441,12735.840713915797,724,318
2023-10-15 08:16:03,171.27011272765537,16006.835557108294,458,418
2023-10-15 08:16:04,147.3079291713832,18765.257409916387,702,340
2023-10-15 08:16:05,193.2035164634842,21289.548174563097,957,236
2023-10-15 08:16:06,129.7082309382219,18062.173248031573,817,454
2023-10-15 08:16:07,204.02821298732448,19247.613850174213,116,487
2023-10-15 08:16:08,148.7952614806697,16472.968334798144,373,463
2023-10-15 08:16:09,107.07674693645856,12113.673256973503,784,353
2023-10-15 08:16:10,153.84313244732368,16795.011113305947,215,340
2023-10-15 08:16:11,129.56845027575358,15582.339422797264,960,135
2023-10-15 08:16:12,175.21930646966172,12921.258089615078,792,215
2023-10-15 08:16:13,130.42128062092826,13203.378032176255,190,464
2023-10-15 08:16:14,136.6144970035566,8254.58675127356,181,457
2023-10-15 08:16:15,93.31377807163406,8253.709372969444,423,163
2023-10-15 08:16:16,136.4308104225277,13474.821859964139,213,482
2023-10-15 08:16:17,77.2836202011313,8904.806206124204,868,405
2023-10-15 08:16:18,102.4829152954283,14865.465099558034,157,465
2023-10-15 08:16:19,172.81243968432892,19020.619605138007,253,232
2023-10-15 08:16:20,173.57400475952497,21585.55763253465,976,256
2023-10-15 08:16:21,162.76372685354895,16378.36140496742,503,305
2023-10-15 08:16:22,120.99071570612361,13721.60584414224,727,284
2023-10-15 08:16:23,148.5686593157406,8482.263391115937,954,491
2023-10-15 08:16:24,149.89192382728294,11307.720537148969,365,404
2023-10-15 08:16:25,115.24905932422371,9932.775826756473,414,52
2023-10-15 08:16:26,195.10194905301452,18973.534900287596,814,257
2023-10-15 08:16:27,176.32086871727014,9620.926082146894,140,246
2023-10-15 08:16:28,143.37107478511007,9176.094275458929,204,390
2023-10-15 08:16:29,150.80657516983592,11714.870530093362,989,174
2023-10-15 08:16:30,156.25148423842657,22992.916705865497,292,187
2023-10-15 08:16:31,88.74795394727128,7378.034590058337,500,388
2023-10-15 08:16:32,142.5846785243821,14002.400856865532,377,74
2023-10-15 08:16:33,129.54047256006604,9017.282665611252,453,117
2023-10-15 08:16:34,851.2010245686031,94549.71345700797,848,110
2023-10-15 08:16:35,1004.5899277888266,78426.64951011416,832,78
2023-10-15 08:16:36,1447.1355275561068,102311.40779767449,679,432
2023-10-15 08:16:37,1200.8591566642913,122076.05492836404,808,68
2023-10-15 08:16:38,942.8360963332956,47660.91143542541,355,220
2023-10-15 08:16:39,1186.3275088216549,60225.58071711107,750,499
